carrera,media_edad,mediana_edad,moda_edad,min_edad,max_edad,desviacion_estandar_muestral,desviacion_estandar_poblacional
Computer Engineering,25,23.0,22,19,39,6.2891630149465385,5.8829733128750465
Psychology,25,25.5,25,19,31,3.882193783343198,3.6314597615834874
Medicine,30,29.5,24,23,50,8.664376986917672,8.104782538723663
Art History,26,25.5,27,20,38,5.656854249492381,5.291502622129181
Education,29,26.5,23,22,42,7.814821083775915,7.310095758606723
